{
  "project_info": {
    "project_number": "329079341135",
    "firebase_url": "https://readingshare2.firebaseio.com",
    "project_id": "readingshare2",
    "storage_bucket": "readingshare2.appspot.com"
  },
  "client": [
    {
      "client_info": {
        "mobilesdk_app_id": "1:329079341135:android:9995747a0341d60c",
        "android_client_info": {
          "package_name": "com.example.aluno.readingshare"
        }
      },
      "oauth_client": [
        {
          "client_id": "329079341135-d4rpj4j245e145e10g3gtmed29nclli3.apps.googleusercontent.com",
          "client_type": 1,
          "android_info": {
            "package_name": "com.example.aluno.readingshare",
            "certificate_hash": "d31b87319320603da7252d45c796b6da9c1803a4"
          }
        },
        {
          "client_id": "329079341135-hug7q254rtq3dfde6gb7mo7ivu3a6lvc.apps.googleusercontent.com",
          "client_type": 3
        }
      ],
      "api_key": [
        {
          "current_key": "AIzaSyBUZ9ahVMX5_sbR_5g6t2P_tSnVxk6J0kk"
        }
      ],
      "services": {
        "analytics_service": {
          "status": 1
        },
        "appinvite_service": {
          "status": 2,
          "other_platform_oauth_client": [
            {
              "client_id": "329079341135-hug7q254rtq3dfde6gb7mo7ivu3a6lvc.apps.googleusercontent.com",
              "client_type": 3
            }
          ]
        },
        "ads_service": {
          "status": 2
        }
      }
    }
  ],
  "configuration_version": "1"
}